Month_Year,pH,Turbidity (NTU),Temperature (°C),DO (mg/L),BOD (mg/L),Lead (mg/L),Mercury (mg/L),Arsenic (mg/L),Month_Year_Str
2024-01,7.253675867405589,10.325125175363722,25.05834753427796,5.8783659393988765,5.452174282301737,0.009995028552804278,0.0009772552574405994,0.00988105376166633,2024-01
2024-02,7.242656912001796,9.909326962423632,24.701018840158728,6.074778202516781,5.572527366068577,0.009879587718139982,0.0009915780895113756,0.009779143279737947,2024-02
